number;kommentar
1;Mich würde mal interessieren wer von den Modernisierern hier im Forum selbst betroffen ist und ob man den Kampf gegen die Denkmalbürokratie selbst führen würde..
1;Alleine die Stadtverwaltung hätte unzählige Dächer mit großen Flächen. Die Stromersparnis für die Verwaltung selbst und natürlich die Umwelt wäre immens. Unverständlich, dass hier nichts gemacht wird!
1;Der Denkmalschutz sollte JETZT die Dachflächen von Häusern mit Denkmalauflagen für die Montage von Photovoltaik-Elementen zulassen. Die Aufdachmontage ist grundsätzlich keine bauliche Veränderung der Bausubstanz, wenn es die Statik hergibt. Lediglich die Ansicht dieser Gebäude verändert sich für die Nutzungszeit dieser Module. Nach ca. 20 Jahren werden diese Module ihren Dienst getan haben und es ist heute noch nicht erkennbar, wie es mit der Energiewende nach dieser Zeit weitergeht. Entweder diese Module verschwinden wieder oder es gibt vielleicht derweilen Dachziegel mit integrierten PV-Modulen, die sich von den herkömmlichen Ziegeln kaum unterscheiden.
1;Das Problem ist daß es keine europäische Solarzellenindustrie mehr gibt und fast nur noch die immer gleich aussehenden Chinamodule montiert werden. Es gibt aber Entwicklungen von verschiedenfarbige Module wofür sich aber noch kein Hersteller fand. Mal abwarten, zumal derzeit auch die Importeure aus China kaum liefern können ...
1;Dann muss halt der Denkmalschutz hinten anstehen!
1;Na dann sollen doch der Denkmalschutz und die Politiker in ihren privaten Taschen greifen und den Bürgern den Strom und die Heizkosten zahlen aber was machen sie wenn kein Gas mehr kommt naja sie können ja ihre Schreibtische zersägen und verschüren.
1;Ich wünsche mir für das Klima und die regenerative Energien so leidenschaftlichen Einsatz wie für Baudenkmäler. Ich finde Denkmalschutz grundsätzlich wunderbar, frage mich aber wo das Engagement unserer Staatsregierung für die Regenerativen ist? Herr Söder erkennt leider immer nur die Potenziale der Anderen nie die bay
1;Wenn die Energiethematik sich gegen den Denkmalschutz durchsetzt, werden die Altstadtkerne ihre Optik nachhaltig verändern. Dächer mit PV-Anlagen und Mauern mit Dämmmaterial verkleidet, die das darunterliegende Fachwerk verdecken.
1;Unsere Energieversorgung steht ja wohl über dem Denkmalschutz
1;"Was nützen uns ""Denkmäler"" wenn die Umwelt (und damit auch wir) zu Grunde geht? Wobei das auch noch viel mit Geschmack zu tun hat und über den lässt sich bekanntlich streiten. Bei vielen Projekten, die ich kenne, wird der Denkmalschutz nur vorgeschoben, weil man halt aus Prinzip kein ""Solar"" will."
1;Solar und Design sollte nicht mehr im Widerspruch sein. Wann kommen die Solarziegel im klassischen Look? Technisch möglich wie ein Tochterunternehmen von Tesla zeigt.
1;"Nicht nur Denkmäler, auch alles, was den Ensembleschutz ""stört"", ist betroffen. Dieses ästhetische Empfinden, das Solarplatten hässlich fand, ist echt von vorgestern."
1;Bei uns in Rothenburg ist PV prinzipiell verboten,ausser nicht einsehbar und nur für PrivatverbrauchOder man hat Beziehungen
1;Ich denke, es kann durchaus kreativere Ideen geben als jetzt ausgerechnet die Dächer einer historischen Altstadt mit Solarpanelen zuzuklatschen. Einige hier schreiben ja, dass das auch technisch gar nicht so einfach und ggf. teuer wäre. Wir brauchen nicht die einheitliche Lösung für alle Städten, sondern einen Methoden- und Gestaltungsmix je nach den Gegebenheiten vor Ort.
1;Grundsätzlich eine gute Idee, nur sind nicht alle Dächer photovoltaik-tauglich, da es zusätzliches Gewicht bedeutet, zudem müssen Kabel vom Dach bis in den Keller verlegt werden, natürlich unter Einhaltung der Brandschutz-Bestimmungen. Da kann dann so eine Photovoltaik-Anlage ganz schnell sehr teuer werden und sich am Ende als Draufzahl-Geschäft erweisen. Anderseits, ich habe vor Kurzem in einer Fachzeitschrift einen Beitrag gelesen, in dem es um Solarpanele ging, die auf Fuß- und Radwegen am Boden verlegt werden, sprich, man läuft bzw. fährt auf den Solarzellen. Das wäre durchaus auch zu überlegen.
1;Baudenkmäler machen gerade mal 2% unserer Gebäude aus. Sie jetzt für Photovoltaik zu ruinieren, ist nicht besonders effizient. Und eigentlich auch zu teuer, da die Statik dafür meist nicht geschaffen ist. Stattdessen gibt es viel effizientere Flächen, die ungenutzt sind.Also: diese Diskussion lohnt eigentlich nicht!
1;Ich frage mich schon lange wieviel Denkmäler wir denn noch brauchen. Der Denkmalschutz wird meiner Ansicht nach übertrieben.??
1;Denkmalgeschützte Ensembles müssen weiterhin von PV-Anlagen freigehalten werden.Lange Zeit stelle ich mir bereits die Frage, weshalb es den Kommunen nicht in den Sinn kommt, Bebauungspläne für großflächigen Einzelhandel (Supermärkte etc. ) dahingehend zu ändern, dass PV-Anlagen über allen Parkplätzen angeordnet werden müssen.Dies gilt selbstredend für alle Großparkplätze wie Park&Ride und Industrie-Mitarbeiter- Parkierungsanlagen.
1;Peinlich daß beim Bau des HDBG nicht sofort PV installiert wurde
1;Der Denkmalschutz ist ein nicht länger hinzunehmender teurer Hemmschuh.Es geht doch nicht an, daß jedes Gebäude irgendwann mal unter Denkmalschutz steht, nur weil es irgendeine „Besonderheit“ hat oder von einem „besonderen“ Architekten oder Baumeister „geschaffen“ wurde.Wer danach Sehnsucht hat, soll unsere Freilandmuseen besuchen.
1;Wenn man bedenkt, dass Baudenkmäler kaum mehr als 2% aller Gebäude ausmachen, dann fällt dies ja wohl nicht ins Gewicht. Also sollte man nicht ohne Not die Baudenkmäler mit Solardächern ruinieren, die dafür sicher nicht geeignet sind
1;"Es gibt auch die teuere aufwendiger Variante in vielen Farben von ""normalen"" Dachziegel mit Photovoltaik. Mal nach ""Solardachziegel"" googlen."
1;Niemand redet über die Netzschwankungen, wenn PV- und Windkraft weiter zunehmen und Kraftwerke als Kompensationsanlagen zurückgenommen werden. Hauptsach viel hilft viel und wenn denkmalgeschützte Dächer verschandelt werden.
1;Die Zerstörung von baulichen Denkmälern würden in keinem sinnvollen Nutzen beim Einsatz von Photovoltaikanlagen stehen, die nur am Tag meist leidvoll funktionieren. Also Finger weg und mal diese Anlagen und ihre Sinnhaftigkeit als ganzes hinterfragen, ganz schlechte Performance und ideologisch schön geredet. Und da braucht es auch keinen Alt-68er der seine Anlage schön redet und rechnet.
1;"""Photovoltaik wird nur selten für Strom und Wärme genutzt."" In einem Privat-Haushalt wird warmes Wasser hauptsächlich zum Heizen benötigt. Im Winter bringt Photovoltaik nicht viel. Im Frühjahr und Herbst braucht man die Wärme am Abend und in der Nacht. Man benötigt also einen Speicher. Man hat 3 Möglichkeiten: (1) Stromspeicher (Batterie), (2) Wärmespeicher (Wasser-Tank), (3) Am Tag wird der Strom ins Netz gespeist, in der Nacht dem Netz entnommen. Methode (3) setzt alternative Energiequellen voraus. Das sollte nicht verschwiegen werden."
1;Höchste Zeit für Veränderung!PV mag weniger schön aussehen, aber das ist ein geringer Preis für das Ziel, das doch wesentlich wichtiger ist.Nebenbei wird dabei ja nichts von der Bausubstanz beschädigt.Denkmalschutz ist wichtig und richtig, aber er darf nicht zum Selbstzweck verkommen.
1;Besser glänzende Dächer als ein russisches Siegeslächeln
1;DENK MAL Schutz! Muß dringend gesetzlich nachgereicht werden!
1;Das Argument daß man geschützte Häuser vom Flugzeug her sehen kann ist ja wohl das Allerletzte. Denkmalbehörden sollte man ihrer Macht berauben. Anscheinend sind die Ansichten deren Mitarbeiter genau so alt wie die Gebäude die sie schützen.
1;Man kann noch soviele Solarpanele aufhängen und wird damit nie eine Energiesicherheit hin bekommen, denn es reicht eben nicht im Jahresdurchschnitt genug Strom zu produzieren, man muß es in jedem Augenblick. Aber dieses kleine Detail wird von der Politik hartnäckig ignoriert. Will man von Kohle und Gas weg, wird man neue grundlastfähige Großkraftwerke errichten müssen. Was bleibt dann? - Kernenergie. Und wegen der German Angst errichten sie Holländer und Franzosen. Und wenn wir den Verkehr elektifizieren wollen, brauchen wir noch 20 mehr davon. Auch das wird hartnäckig ausgeblendet, sonst müßte man ja seine Ideologie in Frage stellen.
1;Denkmäler machen in Bayern gerade einmal 2 % des Baubestandes aus. Warum soll man unsere historischen Altstadt dann versauen. Das macht keinen Sinn. Warum ist nicht auf jeder Flachdachhalle im Gewerbegebiet oder bei Aldi und Lidl Photovoltaik installiert? Da gibt es riesige ungenutzte Flächen wo man Photovoltaik zwingend vorschreiben könnte. Das wäre weitaus effektiver.
1;Lasst wenigstens die schönen Innenstädte in Ruhe. Es kann nicht sein, dass wir sorglos Energie verbraten und weil keiner umdenken will, zerstören wir nun auch noch unser Kulturerbe! Die wenigen Flächen, die denkmalgeschützte Häuser mehr bringen, stehen in keinem Verhältnis zur Zerstörung einer Altstadt! Mal davon abgesehen, dass auch Solarmodule mit viel Energie hergestellt werden müssen. Denkt lieber mal darüber nach, warum man in der Innenstadt nicht mehr einkaufen kann und alle zum Shoppen ins Einkaufszentrum auf die grüne Wiese fahren müssen. Ein Umdenken würde hier wesentlich mehr Energie sparen als jemals mit zugepflasterten Altstädten erreichbar wäre. Schützt unser kulturelles Erbe!
1;Auch die Regeln, um Mietern/Eigentümern ein Balkonsolar zu ermöglichen, sind zu vereinfachen. Ggf. Kann man sich ja darauf verständigen, dass für interessierte Bewohner die Beschaffung gleicher Module durchgeführt wird. Das Wort verschandeln kann ich nicht mehr hören.??
1;Es ist ein Witz, wie hinterwäldlerisch wir in Bayern unterwegs sind. Natürlich ist es ein gutes Gefühl, die Sonnenenergie zu nutzen. Es gibt z..B. auch rahmenlose Module, die bei dunklen Dächern wenig auffallen.
1;"Irgendwo muss man doch mal anfangen. Es ist ja schon bei Wohnanlagen ohne Denkmalschutz ein riesen Aufwand Solarenergie an den ""Mann"" zu bringen -siehe Mieterstrom Konzept - wo schon viele Hausverwaltungen und Eigentümergemeinschaften verzweifeln. Aber Moore und grüne Wiesen will man bepflastern mit PV. Wo is'n aß Hirn. Autobahn PV übersieht man aber. Insgesamt muss umgedacht werden. Ein schönes Haus darf auch mit PV ein schönes Haus sein. Und auch Wohnblöcke tragen die Möglichkeit Energie direkt beim Verbraucher zu erzeugen."
1;Wenn man sich allein die Fotos zum Beitrag ansieht, dann entdeckt man auf den denkmalgeschützten Häusern Metallgauben und Anbauten mit Blechdächern. Die scheinen niemanden zu stören. Wieso verstoßen also PV-Anlagen, die sich teilweise sogar farblich an die Umgebung anpassen, gegen die Denkmalschutzauflagen? Diese Auflagen sind ohnehin nicht immer nachvollziehbar: So stellte eine Denkmalschutzbehörde einen ganze Ortskern unter Ensembleschutz, inklusive den Häusern und Anbauten, die nach 1965 entstanden. Das bedeutet, dass auch kein baufälliges und nicht sanierungsfähiges Haus mehr abgerissen werden darf, selbst wenn es die typischen Mängel der 1970er-Jahre-Bauten aufweist.
1;Der Denkmalschutz ist mal wieder Bremser Nummer 1. Das gehört schnellstens geändert: Es muss möglich sein, auf jedes Gebäude Photovoltaik zu installieren, wenn es energetisch Sinn macht.
1;"Wenn man bedenkt, welche Steine dem Bürger in den Weg gelegt werden, auch wenn es sich nur um Balkonkraftwerke handelt, kann man nur den Kopf schütteln. Deshalb sollten solche widersinnigen ""Bremsklötze"" aus dem Weg geräumt werden, bevor man an solch dicken Brettern wie dem Denkmalschutz in Altstädten bohrt."
1;Photovoltaikstrom ist in den langen Winternächten nicht vorhanden. Da helfen auch nahegelegene Panels in der Altstadt zum Heizen der Wohnungen nicht weiter. Wenn Sonnenenergie für Heizzwecke benutzt werden soll, sind gespeicherte Energieformen wie Holz den volatilen überlegen. Es macht wenig Sinn, das Rad in einer schlechteren Form neu erfinden zu wollen. Die mit Holzheizungen verbundene Feinstaubbelastung kann reduziert werden, wenn größere Feuerungsanlagen mit guten Filtereinrichtungen im Verbund mit Fernwärme benutzt werden. Die Regensburger sollten darauf bedacht sein, ihren Weltkulturerbe-Status zu behalten und nicht jeder Lifestyle-Strömung hinterherlaufen.
1;Wie viel Prozent der ungenutzten Dachflächen stehen denn unter Denkmalschutz? Die Titelfrage lenkt doch völlig von den relevanten Fragestellungen ab. Und in den wenigen historischen Altstaedten kann man immernoch Bürgerbeteiligungen an Solarparks auf der nächsten Schule mit Flachdach anbieten.
1;Ich weiß überhaupt nicht, was das (echte) Problem sein soll. Auch bei denkmalgeschützten Häsuern guckt man von unten selten aufs Dach, sondern auf die Fassade....Aber vielleicht gibt es ja doch mal ein Umdenken....so in 20-30 Jahren etwa.....??
1;Man könnte auch die Autobahnen abschnittsweise mit PV überdachen !!
1;Im Winter wird die Altstadt dann mit dem Strom der PV Anlage geheizt? Endlich unabhängig von Gas und Öl. Wir sind gerettet.
1;Es gibt inzwischen bereits rote Solarpanele...
1;So einfach ist es nicht, dass man eine Anlage einfach auf das Dach baut, auch wenn es mich optisch nicht stört. Gerade bei PV bei historischen Gebäuden kann es oft zu Verschattungen durch umliegende Gebäude oder Baumbestand kommen, zudem ist hier mit dem Aufbau einer PV Anlage oftmals eine komplett Dachsanierung nötig, die dann zu geänderten Höhen dort, von der Statik gar nicht zu reden. Vor kurzem war ein Bericht über die Liegenschaften des Freistaates Bayern, bei denen oftmals nicht einmal im Neubau PV verbaut wird, hier gäbe es Potential
1;Es müssen nicht Fachwerkhäuser mit Solarpaneelen gepflastert werden, solange Neubauten genügend Raum bieten. Wenn man durch Österreich reist, fällt einem auf wie wenig Solaranlagen auf Dächern verbaut wurden. Wegen der Ukraine den Denkmalschutz auszuhebeln ist blinder Aktionismus. Wie viele Touristen besuchen noch Rothenburg wenn der Blick von der Stadtmauer auf Solaranlagen fällt.
1;Gut im UNESCO-Gebiet Altstadt und Stadtamhof kann ich ja verstehen wenn keine PV-Anlagen zulässig sind (wobei hier auch Dächer vorhanden sind, die man nur per Flugzeug einsehen kann). Aber in der Ganghofersiedlung verstehe ich das nicht, wen würden denn dort PV-Anlagen stören? Bzw. gäbs auch noch eine Reihe an Parkflächen und Gewerbeflächen, die man auch mit PV ausrüsten könnte.
1;Das ist schon lange überfällig. Es müssen keine riesigen PV Anlagen sein, aber wenn bei einer Altbausanierung nicht einmal Solarthermie installiert werden darf, dann läuft etwas falsch.
1;Städte waren schon immer etwas dynamisches. Sie blieben nie statisch. Wir aber verwandeln mit unseren Vorschriften Städte zu Müssen. Wir müssen lernen, das auch Denkmäler leben dürfen.
1;Woran wird die Energiewende scheitern? An Beamten und Politikern, die auf dem Status quo beharren und denen es an Kreativität und Mut fehlt. Allen diesen Menschen rufe ich zu: Auch ich bin Beamter und habe einen Eid auf die bayerische Verfassung geleistet. Darin steht, dass ich Schaden vom bayerischen Staat und Volk abwenden muss. Außerdem habe ich in meiner Ausbildung gelernt, dass der Bürger nicht für den Beamten da ist, sondern der Beamte für den Bürger, also Dienstleister für die Menschenin Bayern. Das gilt übrigens auch für hauptamtliche gewählte Mandatsträger. Deshalb nehmen Sie bitte Ihre Dienstpflicht und Ihre Verantwortung wahr und seien Sie kreativ für die Energieversorgung.
1;Warum nicht, es bleiben auch die umliegenden Gebäude stehen und die Anlage kommt auf das Dach, d.h das original Dach existiert weiterhin.
1;Wenn man jetzt erst beginnt zu denken, ist dies durchaus fragwürdig. Auch die Aussage man darf sie nicht von Aussichtspunkten sehen ist schon jetzt ein ko Kriterium für Passau, das im Kessel liegt und von Aussichtspunkten umzingelt ist.Solar gehört auf die Dächer ob Denkmalschutz oder nicht. Solar auf Äcker ist viel schlimmer. Die Menschen müssen unabhängig werden, nicht nur von Putin und anderen Despoten aus dem arabischen Raum, nein auch von den großen Energieunternehmen. Denn auch diese füttern mit ihren Dividenden (unserem zuviel bezahlten Geld) die Despoten.
1;Wir leben in Hohenwart und haben das gleiche Problem. Eine Photovoltaikanlage wurde wegen Denkmalschutz abgelehnt. Die Verantwortlichen haben leider noch nicht erkannt, dass wenn wir so weiter machen,es in100 Hahren niemand mehr gibt,der sich die Denkmäler anschauen kann.
1;Jetzt kriegen sich die Energiewende mit dem Denkmalschutz und einem UNESCO- Welterbestatus in die Haare. Die Frage wird sich immer öfter stellen - Was ist wichtiger? Der Problemschwerpunkt breitet sich über das Genehmigen hinweg aus. Mir wurde diese Woche die Lieferung und Installation einer PV Anlage storniert - Materialmangel auf unabsehbare Zeit... Einzige Alternative wäre extrem überteuertes aber auch qualitativ minderwertiges Material, dies will der Lieferant/Installateur aber nicht verbauen, unwirtschaftlich im Betrieb und in der Wartung/Reklamationsaufkommen. Recherchen bei einigen anderen Lieferanten/Installateuren ergeben derzeit das gleiche Bild.
1;Photovoltaik-Flächen gäbe es jede Menge. Da müssten nicht denkmalgeschützte Bauten dafür hergenommen werden. Jeder Parkplatz kann damit überdacht werden. Insbesondere die park-and-ride-Parkplätze der Bahn und der S-Bahnen. Es würde keine neue Fläche verbraucht und die Autos wären vor Sonne geschützt und brauchen zumindest im Sommer beim Wegfahren noch keine Klimaanlage - auch eine Energieeinsparung. Aber ob Bahn und Kommunen da so flexibel sind?
2;Ein neuer Artikel in die BayBO: Sämtliche Parkplätze von Industriebetrieben, Einkaufscentern und Discountern sind ebenso mit Photovoltaikanlagen zu überdachen wie alle Flachdächer von Behörden und sonstigen Großflächen-Gebäuden. Dann kann man die Baudenkmäler in Ruhe lassen. Und leistet ausserdem aktiv auch etwas gegen die Bodenaufheizung.
2;Warum nicht auf jede Lagerhallt ne PV und bei Lidl, Aldi + Co ? Haben alle große Flachdächer. Es wäre ja sooooo einfach.
2;Ich staune immer wieder, mit welchen Themen sich unsere Verantwortungsträger so beschäftigen. Hektarweise liegen Dachflächen von Gewerbe- und Industriehallen und Autobahngrünstreifen ungenutzt herum. Hier ist dringend Handlungsspielraum - aber ja, man kann mit solchen Projekten auch Aktionismus vorgaukeln...
2;Solange die Photovoltaik das Gebäude nicht nachhaltig in der Substanz verändert, finde ich, geht Klimaschutz vor. Wir haben eine Verantwortung unseren Kindern und Enkelkindern gegenüber!
2;Denkmalschutz, oder doch eher Denk-mal-Schutz! Bin mir manchmal nicht ganz sicher, was da wirklich geschützt werden soll.??
2;Sinnvoll wäre es, mal konkrete Beispiele zu nennen. Bei „Denkmalschutz“ hat man sich doch vorher was gedacht.
2;Und immernoch werden die Gebäude in öffentlicher Hand weitgehend ausgelassen. Gerade die Behörden könnten doch leicht ihre Dachflächen an Unternehmen verpachten, die dann als Anlagenbereiber auch die Investitionen und die Verwaltungslast übernehmen. Zudem könnten die meisten Krichen große Flächen anbieten. Schließlich ist es Tradition, dass Kirchen ihre Giebel in Ost-West-Richtung haben und damit eine Hälfte immer genau nach Süden ausgerichtet ist. Es gibt so viel Potential, dass die Denkmalgeschützten Gebäude kaum ins Gewicht fallen. Wobei ich nicht völlig dageben bin, diese zu Nutzen, wenn der Eingriff nicht zu krass ausfällt!
2;Das wird höchste Zeit, dass da das Denkmalschutzgesetz geändert wird und Photovoltaik überall und ohne Auflagen des Denkmalschutzes ermöglicht wird.
2;Wieder mal völlig falscher Ansatz. Anstatt die Einspeisevergütung zu erhöhen und damit dafür zu sorgen, dass auch wirklich jeder sein Dach ganz voll macht (anstatt nur für den Eigenbedarf zu bauen), befasst man sich mit Baudenkmälern. Ich fasse es nicht. So kommen wir einfach nicht weiter.
2;Es gibt in Deutschland gerade mal 2,9% Baudenkmäler (siehe Statistikbericht Bundesregierung). Wir müssen jetzt nicht unser Kulturerbe mit Photovoltaikanlagen verschandeln, solange es Industiekomplexe, Einkaufszentren (Aldi, Lidl und Co) ohne Photovoltaikanlagen gibt! Lieber erst das verschanteln, was eh nicht schön ist, und dann sprechen wir weiter. Alles andere ist weder nachvollziehbar noch sinnvoll! Also Finger weg von denkmalgeschützten Bauten.
3;"Wenn Denkmalschützer nur immer so ""sorgfältig"" arbeiten würden. Ich habe erlebt wie bei der Sanierung eines Denkmalgeschützten Hauses alte Türen verschwunden sind. Diese haben sich dann im zeitversetzt sanierten Privathaus des Architekten gefunden. Die sog. jahrhundertealten Fehlböden wurden - ohne Ungezieferschutz - aus Kostengründen wieder reingestopft, so dass einige Zeit nach der Sanierung der Messingkäfer wieder aktiv wurde.Keine Denkmalbehörde hat dies beanstandet. Aber: In die alte Haustüre durfte kein Brieschlitz angebracht werden (Aussenbriefkästen waren selbstverständlich nicht erlaubt), so dass Bewohner und der Briefträger Schwierigkeiten mit der Postzustellung hatten. Zu PV auf den Dächern: Das sollte unbedingt möglich sein"
3;Nehmt eine Wiese in Kommunalbesitz, stellt einen Bebauungsplan für eine Fotovoltaikanlage in Bürgerhand auf und plant die Anlage so (hoch), dass Schafe und Ziegen das sich bildende Biotop beweiden und kurz halten können. Als Nutznieser der eingefahrenen kWHs können nur Altstadt- bürger Anteile zeichnen. Energiewende muss weder kompliziert noch teuer sein.
3;Ich nib froh, dass es die Denkmalpflege gibt. Sie hat dazu beigetragen, dass unsere Ortschaften ihre Identität und Charme erhalten haben. Klimaschutz auf Teufel komm raus und ohne Rücksicht auf Verluste (siehe auch Windkraft und Naturschutz), rettet die Welt auch nicht.
3;Gott beschütze uns vor Schmutz, Feuer, Wasser, Denkmalschutz.
3;Es braucht sich keiner wundern, dass die Ortsmitten nicht attraktiv sind und immer mehr verwaisen. Wenn man nicht einmal eine Solartherme auf das Dach installieren darf, energetische Sanierung nicht gewünscht ist, Fenster in Einfachverglasung erhalten bleiben müssen, wer soll dann die Energiekosten bezahlen. Von den Kosten der Sanierung Mal ganz abgesehen, die und der evtl Ärger mit dem Denkmalschutz sind noch nicht berücksichtigt.
3;Deutschland ist nichtmehr zu helfen.Glaub des Land muss erst an die Wand fahren.
3;Es wird Zeit, dass auch eine Behörde, wie der Denkmalschutz in der Realität ankommt. Man kann dies auch durch Wahlen und Gesetzesänderungen erreichen. Wir wollen Wohltaten in der ganzen Welt verbreiten, aber zerstören Existenzen, die das durch Steuern finanzieren.
3;Es lebe die Dekadenz
3;Das muss neu überdacht werden. Jeder wird was finden, um das nicht zu erlauben. Nur kommen wir nicht weiter.
3;Eine Energiewende findet so nicht statt.
3;Wehe man bekommt ein denkmalgeschütztes Haus vererbt. Weder an der Außenfassade darf man Isolierung anbringen noch Photovoltaik aufs Dach stellen. Hab mal einer Architektin beim Thermographieren geholfen, da steht man machtlso vor einem alten Gemäuer und darf trotz erkannter Kältebrücken nichts verändern. Eventuell an der Innenwand dünne Isolierung anbringen die extrem teuer und wenig effektiv ist. Hier sind die Vorschriften und Gesetze leider ausgeufert zum Nachteil der Eigentümer.
4;"Wenn eine Stadt wie Bamberg - nicht umsonst Weltkulturerbe! - PV-Anlagen auf Dächern zulassen will, weil ein ""politikaffiner"" Generalkonservator meint: ""Wir kriegen das schon hin"", dann frage ich mich schon. Kann denn Bamberg nicht mehrere von der historischen Altstadt aus nicht einsehbare Großparkplätze mit PV überdeckeln und seinen Bürgern dort Anteile der PVA als Bürger-PVA anbieten?Den sommerlichen Tagesüberschuss kann man nach dem power-to-gas-Verfahren als Heizgas ins das Gasnetz einspeisen. Das Stadtbild bleibt gewahrt, der Bürger kann was verdienen und die Umwelt kann geschont werden. Weshalb redet man darüber nicht?"
4;In 100 Jahren stehen die PV Anlagen unter Denkmalschutz..... Was wir heute so gerne unter Denkmalschutz stellen ist meist auch nicht original, sondern hat sich in dieser Zeit entwickelt und jetzt entwickelt es sich eben weiter mit PV.
4;Also, wenn ich mit diesen Bildausschnitt ansehe, sehe ich nicht viel besonderes. Da würden normale Module wenig, Solarziegel noch weniger, stören. Und wenn ich eine Altstadt besuche, interessieren mich hauptsächlich die Gebäude und nicht deren Dächer.
4;Was helfen uns die schönsten Denkmalgeschützten Gebäude, wenn die Umwelt kaputt ist? Nichts. Wenn ich in historischen Altstädten unterwegs bin, dann darf man dort zwar keine PV anbringen aber oftmals Leuchtreglame.
4;Die Interessenskonflikte nehmen zu. Ideale Lösungen gibt es halt nicht. Da müssen alle „Idealisten“ ein Stück von ihrem Idealismus abrücken.??
4;Klassische PV-Module auf den historischen Dächern wäre ein optisches Verbrechen. Doch die Solarziegel klingen vernünftig. Und der wachsende Markt könnte ja durchaus in den nächsten Jahren noch schönere Lösungen hervor bringen. Bis dahin haben sich hoffentlich auch die Verantwortlichen der UNESCO zu einer Lösung durchgerungen!
5;Schon interessant, wieviele Menschen lieber Putins Gas favorisieren, als ein eigenes Energiemanagement auf die Beine zu stellen. So wird das noch richtig teuer werden.
5;"Wollen wir die gebaute Umwelt, in der wir immerhin den Großteil unserer Lebenszeit verbringen, tatsächlich ungehemmt noch mehr zukleistern ? Ja, Solaranlagen sind notwendig, aber eben nicht überall und nicht der Beliebigkeit preisgegeben. Das hat, fern der unterstellten Postkutschenromantik, etwas mit optischer Umweltbelastung zu tun. Während sich zuständige oder ander berufene Institutionen dem ""wandelnden Zeitgeist"" hingeben, argumentieren die Heimatpfleger klug und differenziert, eben ""besonnen."""
5;Ich weiß nicht ob eine „leere“ Donau eher in das Bild der Heimatpfleger passt oder 40 Grad in Regensburg. Klimaschutz ist auch Heimatpflege.
5;Lieber Dächer bestücken, als wertvollen Ackerboden vernichten.
5;Konsequenterweise müsste für die Innenstadt auch fließendes Wasser, Telefon, Strom, verglaste Fenster, Zentralheizung und Abwasser deinstalliert werden. Willkommen im Mittelalter
5;Die Haltung des Verein ist überhaupt nicht nachvollziehbar.Die Technik geht jeden Tag einen Schritt vorwärts! Es gibt mittlerweile alle Farben als PV. Sogar einzelnen Ziegel mit PV.
5;Ach, wer so einen schönen Bodenbelag wie am Neupfarrplatz hat und ein architektonisches Schnittchen wie den Kaufhof mitten in der Altstadt, der kann auch am Dach ein wenig Strom produzieren. Da macht man nix mehr kaputt.
5;Die BR-Redaktion hat einen Sinn für feinen Humor: das Bild zu dem Beitrag ist wunderbar ausgewählt. Es konterkariert doch trefflich die Kritik des Denkmalschutzes (,den ich zugegeben sonst sehr schätze).Dieser graue Betonkobel vorne im Bild ist das Bayerische Landesmuseum. Brutal in das Welterbe reingeklotzt. Wo war da der Aufschrei von Denkmalschützern?! Dieser abscheuliche Kasten ist schlimmer als es jede PV Anlage in der Altstadt sein könnte. Und natürlich hat das Museum auch keine PV auf dem riesigen Dach...
5;Gute Entscheidung
5;Behutsam sollte sich an vielen Stellen Photovoltaik oder Solarthermie einfügen lassen. Vielleicht nicht überall, aber an etlichen Dächern.
5;Habe ich heute schon einmal geschrieben ... Am Ende haben wir eine wunderschöne Denkmäler, aber die Natur ist kaputt ... passt doch alles
5;"Was hat Heimatpflege mit Dachziegeln zu tun? Dachschindel, Schiefertafeln, Blech, von blaugrau bis rostig und Dachziegel werden in unserer Heimat verwendet. ABER dieser kranke ""heimat""Stil nur noch rote Dachziegel zu erlauben hat absolut nichts mit Heimat zu tun."
5;Wir sind eben in Deutschland. Man ist gegen Alles was unsere Abhägigkeit verringern würde.
5;Hat schon mal jemand daran gedacht, den Strom für die Denkmäler zu kappen`? Zu einem Mittelalter Ensemble paßt eher Kerzenlicht...
5;Gerade die Dächer, die nur auf Satellitenbildern zu sehen sind, werden das Stadtbild richtig krass verschandeln. Zeig mir ein Dach, das man in z. B. in Stadtamhof von unten sieht!
6;Ja, ich denke der Denkmalschutz wird hier nachgeben müssen. Und ich halte das auch für richtig.??
6;Na ja, auch Denkmäler muss man nutzen , wenn man sie weiter erhalten will. Und PV-Module werden wahrscheinlich in Zukunft als Stilkennzeichen unserer Zeit gelten und als Denkmäler geschützt werden.
6;Ich verstehe nicht, was PV mit Denkmalschutz zu tun hat. Das Gebäude wird dadurch doch gar nicht angegriffen. Ausserdem muss man doch endlich mal weg von der Schnapsidee, dass man wegen alter Gemäuer oder der schönen Aussicht die Erde für unsere Nachkommen unbewohnbar macht. PV ist die billigste Art Strom zu produzieren. Und macht zusätzlich unabhängig von Öl und Gas.
6;Nein, der Denkmalschutz kommt keineswegs unter die Räder. Der Denkmalschutz wird endlich der Realität angepasst.
6;Ich bin zum Glück kein Eigentümer von einem denkmalgeschützten Haus. Warum sollten diese Eigentümer nicht ihren eigen Strom produzieren dürfen? Das Leben verändert sich nun einmal und somit auch die Hausbedachung. Hätten die erbauer damals PV gehabt, wäre die Technik bestimmt aufs Dach gekommen. Vermutlich ist es sowie schwierig so ein Haus zu unterhalten man muss es wirklich nicht mit den Denkmalschutz übertreiben.
6;Oh je, ein Architekt. Da will sich wieder jemand gerne selbst ein Denkmal setzen. Erschütternd, als gäbe es sonst nirgend Platz für diese hilfreichen Anlagen.
6;Herrlich, PV auf denkmalgeschützten Häusern und vielleicht auch auf Reetdächern alter friesischer Anwesen. Dann noch die alten Fachwerkhäuser mit Styropor dämmen und alles wird gut. Vielleicht sollten wir die CO2 Reduzierung mit Fingerspitzengefühl und nicht mit der Brechstange bewältigen.
6;Solange Industrie - Flachdächer, Turnhallen und private Häuser außerhalb von Altstädten nicht zu 90% begrünt uns mit PV - Anlage versehen sind finde ich, dass die Denkmäler nicht der entscheidende Schritt sind.Die Diskussion lenkt vom eigentlichen Versagen auf allem Ebenen und in allen Parteien ab! Wir machen immer den 5 Schritt vor dem ersten und verzetteln uns in Diskussionen um den goldenen Wasserhahn, ohne einen Brunnen zu haben - geschweige denn eine Leitung ...
6;Auch hier muß der Denkmalschutz eben hinten anstehen!
6;Wenn die Bayerische Regierung nicht so jämmerlich versagt und ein paar Windkraftanlagen mehr genemigt hätte, müssten wir diese unsägliche Diskussion wegen der paar denkmalgeschützten Dächer nicht führen. Letztendlich bringen uns die paar Quadratmeter mehr PV auch nicht weiter!
6;Was Wollen wir eigentlich, Industrieland am besten ohne Industrie, regenerativen Strom am besten ohne Windräder und Photovoltaik.Ein Land im unaufhaltsam Niedergang. In 10 Jahren sind wir auf dann auf das Niveau eines Entwicklungsländer abgestiegen, dann haben nicht mal mehr Putin und seine Nachfolger noch Interesse an uns. In China sind dann die deutschen, rechtlichen Arbeitssklaven. Sind doch wunderbare Aussichten, oder. Der Umweltschutz wird aber funktionieren, weil wir eine Wildnis werden. Finde ich alles Klasse, muss man nur rechtzeitig abhauen.
6;"„Für seine Stadt Landsberg fürchtet Stadtheimatpfleger Paulus in Zukunft ""ein Dächer-Meer in blau metallic"" statt in ziegelrot.“ - Wo ist das Problem? Sollen wir ewig in der Vergangenheit leben? Man muss auch mal den Nutzen abwägen."
6;Das Frauenhofer ISE Institut hat hier eine Solarfolie entwickelt welche gut auf denkmalgeschützten Dächern zu installieren ist. Die Verantwortlichen sollten viel mehr mit der Forschung und Industrie zur Umsetzung zusammen arbeiten. Ein rasches Vorgehen wäre sehr sehr wichtig. Wir können nicht noch Jahre ins Land ziehen lassen während unsere Natur und letztendlich unsere Existenz kaputt geht.
6;Was die Naturschützer auf dem freien Feld verhindern, erledigen Architekten und Denkmalschützer in den Städten. Vielleicht doch lieber ein paar neue AKWs?????
6;Was nützen mir die roten Dächer wenn bei mir die Heizung, das Ladegerät für mein E-Bike, vom Kochen ganz zu schweigen, ausfällt.
6;"""Heiliger Sankt Florian...."", mach das der Strom aus der Steckdose kommt, aber nicht von meinem Dach....??"
6;Wir haben eh schon viel zu viel unter zu teurem und alles mögliche verhinderndem Denkmalschutz. Das muß endlich aufhören! Die Welt dreht sich immer weiter.
6;"Die einen sind gegen Photovoltaik...Die anderen gegen Windparks...andere wiederum gegen Atomstrom....wieder andere gegen Kohlekraft oder Wasserkraftwerke.....Andere wiederum verhindern Stromtrassen usw. usw....Wie heißt es in der Werbung ""Was wollt ihr dann"" Hoffentlich nicht in der Weihnachtszeit seinen Garten mit 10000 Lampen beleuchten...."
6;Welches denkmalgeschützte Haus wurde in 300 Jahren nie umgebaut ? Denkmalschutz sollte auch mal hinterfragt werden dürfen. Es gibt durchaus Möglichkeiten dem Denkmalschutz genüge zu tun und trotzdem umzubauen.
6;Die Gesellschaft muss im Hinblick auf 8 Mrd. Menschen auf dem Planeten mit steigender Tendenz umdenken. Für Energie gilt es alle erdenklichen Möglichkeiten zu nutzen.
6;Endlich darf wieder gegen die PV sein!! Da lacht das Herz!! Wie viel Prozent der Dachflächen unterstehen denn dem Denkmalschutz? Da bleibt doch sicher noch etwas übrig und die Gegner gegen alles dürfen aufatmen. Wäre interessant zu wissen, ob vor 100 Jahren sich die Menschen auch gegen die Überlandleitung so gesperrt haben, weil die das Landschaftsbild verändern.
6;Denkmalschutz sollte nicht verhindern, dass sich Städte zu entwickeln. Da werden alte Gebäude teilweise nicht verkauft, da sie unter Denkmalschutz stehen und Veränderungen zum aktuellen Lebensstandard wenn möglich so doch nicht bezahlbar sind.Dann ziehen Familien halt aus der Stadt und bauen neu, wo es keine Denkmalschutzanforderungen gibt. Das kann es halt nicht sein. Jahrhunderte lang hat sich Wohnraum entwickelt und verändert.Denkmalschutz ist wichtig keine Frage aber warum muss es der Hausbesitzer zahlen? Wenn es so wichtig ist, warum gibt es keinen Topf aus dem die höheren Kosten zur Denkmalpflege getragen werden? Bspw. in dem die zzgl. Kosten für rote PV übernommen würden.
6;Wo um alles in der Welt ist das Problem, wenn die Dächer nicht einheitlich ziegelrot sind? Zu keiner Zeit vorher ging man derart bürokratisch verkrampft mit dem Erbe der Vergangenheit um. Viele der heute denkmalgeschützten Gebäude hätten ihr heutiges Aussehen nicht, wenn es vor 200 Jahren oder früher schon einen Denkmalschutz gegeben hätte. Damals ging man viel pragmatischer mit den neuen Herausforderungen an Gebäude, selbst an Kirchen und Schlössern um.
6;Mal ehrlich: Wie viele der denkmalgeschützten Häuser sind noch mit den klassischen Biberschwanz-Ziegeln gedeckt und nicht mit der 1953 erfundenen Frankfurter Pfanne? Erst in den vergangenen Jahren wurde der Denkmalschutz so weit verschärft, dass man sich auf die alte Eindeckung rückbesinnem muss. Dass allerdings erst, wenn eine Erneuerung notwendig ist. PV-Anlagen, die ohnehin farblich immer besser angepasst werden, stören das historische Stadtbild auch nicht mehr!
6;Zeiten ändern sich ... ein Fachwerkhaus wurde gebaut ... nach 100 Jahren wurde das Strohdach durch Ziegeln ersetzt da es weniger durchregnete, ... dann wurde es verputzt und es war nicht mehr so zugig ... dann wurde die Fassade grün gesrichen weil es jemandem gefiel ... dann kam das Klohäuschen im Hof weg und es wurden Bäder und fliesend Wasser eingebaut... der alte Holzherd wurde durch einen Stromherd ersetzt und das Kochen im Sommer war erträglich ... ein anderer Besitzer hat neue dichte Fenster eingebaut da die Zugluft unerträglich war ... und im Jahr 2023 hat jemand Photovoltaik Panels aufs Dach gebaut ... ich sehe echt das Problem nicht - oder macht ein Museum draus.
6;Es geht doch nur um die Farbliche Gestaltung..1.) Was spricht gegen Solarthermie , also Wasserkreislauf unterhalb der Fachziegel oder sogar innerhalb, Damit vorgewärmten Wasser in den Durchlauferhitzer.2.) Da jedes Watt zählt helfen auch Folien PV Anlagen die eben nicht Schwarz sind sondern Ziegelrot.3.) Wie wäre es mit Biomasse Efeu, der am Denkmal rangt, und regelmäßig geschnitten wird?Also Denkmalschutz und Energiewende verträgt sich, wenn man will. Alte Häuser verfallen im Klimawandel schneller, dass merkt jeder Bauher, mehr Risse, da die Spannungen Hitze - Starkregen zunehmen.
6;Ganz ehrlich: worüber machen wir uns eigentlich Gedanken? Es ist völlig egal, ob Dächer rot, grün oder eben blau sind. Wichtig ist, dass wir für unseren Strom selbst sorgen. Und da ist jeder Platz wichtig. Auch die Denkmal geschützen uralten Häuser. Die kosten sowieso Unsummen zur Erhaltung. Also, rauf mit der Ph-Anlage.
6;Es gibt heute schon Dachziegel mit Solarzellen und das auch in Rot. Natürlich sind die Zellen nicht Rot, aber trotzdem wirkt das Dach dann nicht schwarz, sondern eher dunkleres Rot. Ein Bekannter hat das bei der Sanierung seines alten, nicht denkmalgeschützten Hauses so gemacht. Sieht schon weit schöner als diese nicht gerade schönen Solarmodule aus. Aber für mich gibt es einen Haken: Schon heute stehen im Sommer massig Windräder still, weil man zu viel Solarstrom hat. Solange dieser Überfluss nicht zielgelenkt genutzt wird, dass man in den Wintermonaten etwas davon hat, sind Solarzellen auf dem Denkmalschutzbauten wenig zielführend.
6;Himmel bei uns gibt es so viele Gebäude ohne Denkmalschutz. Deren Dächer soll der Staat zur Stromgewinnung mieten. Wir haben auch Flächen die nicht Landwirtschaftlich nutzbar sind auch dort könntenAnlagen entstehen. Doch der Staat mietet ja nicht will kaufen und hopla auf einmal stehen da Häuser und keine Stromanlagen
6;Wir leben nun mal im 21. Jahrhundert und Gebäude haben sich im Laufe der Jahrzehnte und Jahrhunderte schon immer verändert und angepasst. Oder sollen wir in Wasserburg auf PV Anlagen in der Altstadt verzichten nur damit ein paar Touris von der schönen Aussicht auf eine (vermeintlich) historische Dachlandschaft blicken (was sowieso schon lange nicht mehr der Fall ist). Denkmalschutz ist eben auch Veränderung.
6;Viele Dinge Alter Häuser wurden nur so gebaut, weil es technisch nicht anders möglich war, z.B. Fenstersprossen. Warum muss man das erhalten?
6;Ein Trost für die Denkmalschützer, in 100 Jahren stehen die PV Dächer unter Denkmalschutz??
6;Könnt ihr hinter den Bergen von Österreich gerne so handhaben. Vergesst dann aber nicht im Winter wieder Bärenfelle in die Fenster zu hängen, damit es nicht kalt wird.
6;Steht etwas von roten Dächern in der Bibel? Würde das rote Dach im Grundgesetz verankert? Nur weil man das hunderte von Jahren nicht anders machen konnte, muss das nicht auf Dauer zementiert sein. Oder sterben die Leute bei uns auch noch an Cholera, weil man keine Abwasserbeseitugung machen darf, weil es die im Mittelalter auch noch nicht gab.Die selbstherrlichen Blockieren vom Lfd sollen so neuzeitlichen Mist wie Handys und Autos bitte wieder zurückgeben und sich in alte Burgruinen zurückziehen, wo sie niemandem schaden oder Knüppel zwischen die Beine werfen können!
6;Eine PV Anlage ist gelebter Denkmalschutz. Wenn der Klimawandel dadurch eingedämmt wird, kann die historische Substanz (die nicht nur aus dem Dach besteht) geschützt werden, da der Klimawandel, ebenfalls die Bausubstanz angreift. Und zur Energiesicherheit, wird ebenfalls zu einem Teil beigetragen.
6;Warum betrifft der Denkmalschutz das Dach? Es wird doch dadurch nicht kaputt und ob da jetzt Platten drauf sind oder nicht interessiert doch keinen. Wer rennt schon wie Hans Guck in die Luft rum ? Dächer interessieren mich eigentlich nicht.
6;Ich habe ein Sltes großes Haus vor vielen Jahren gekauft, habe viel Saniert als dann der Denkmalschutz wegen den Fenster gekommen ist war was los, habe 1.200 D-Mark Szrafe bezahlt. Der Herr vom Denkmalschutz wurde nie wieder gesehen.
6;Als wenns auf die roten Dächer drauf an käme! Da können doch PV-Anlagen angebracht werden, Hauptsache die Gebäude bleiben erhalten. Es werden so viele alte schöne Gebäude abgerissen und durch Kotzbauten ersetzt, gerade in den Großstädten.
6;Denkmalschutz ist in der heutigen Zeit fehl am Platz. Im Winter frieren und kalt duschen, nur damit das Dach aussieht wie vor 300 Jahren... Manchmal muss man mit der Zeit gehen und Innovationen und Veränderungen akzeptieren.
6;Solange die vielen Verwltungsgebäude, Schulen usw.aus den 60er und 70 er jahren, die vorwiegend Flachdächer oder geringe Dachneigungen haben, nicht solar aufgerüstet sind wäre es Unsinn wirkliche Gesamtbilder zu zerstören. Ein wenig Potential mag es geben, aber erst sollten mal die riesigen Dachflächen modernerer Gebäude damit bestükt werden. Man stelle sich mal den Blick vom Schlossberg in Graz vor, wenn die Altstadt mit Solarzellen bedeckt wäre. Und dann stehen da der Bahnhof, der OBI Graz west, oder die Industriegebäude der AVL und die Neubauten um den Jakominiplatz ohne diese Energiegewinnung herum. Ähnliches gilt in Regensburg für den Bahnof und den Einkaufsbereich an seiner Südseite.
6;Es gab eine Zeit, da wurden besonders innovative Mühlräder von den Müllerzünften zerschlagen, damit es keinem ZU gut geht, wenn er investiert und andere das nicht wollten. Ich dachte, das ist hunderte Jahre her, und urplötzlich entdecke ich mich in sochen Umtrieben selbst wieder? Weg mit dem Denkmalschutz bei PV-Dächern!
6;Was ist wichtiger? Denkmalschutz oder Stromsparen? Denke, in diesen Zeiten dürfte die Antwort (auch für die Politik) absolut klar sein.
6;Uns geht der Arsch bald auf Grundeis mit dem Klimawandel - rauf mit den Photovoltaikanlagen auf die Dächer. Was sollen die Diskussionen über Denkmalschutz.
7;"""Mögliche Hindernisse könnten der Denkmalschutz sowie Ortssatzungen darstellen."" Und die immer im Westen aufgestelltwn Türme. Die werfen Schatten auf die südliche Dachfläche. zumindest ist die Hälfte des Kirchendaches immer richtig zur Sonne ausgerichtet. Allerdings nicht aus energetischen, sondern aus ideo.. äh theologischen Gründen."
7;"Wie wäre es denn, zuerst mal auf den staatseigenen Gebäuden mit PV auf Denkmaldächern zu beginnen? Zum Beispiel die ""Alte Münze"" zu München, dem Hauptsitz des Bay.Landesamtes für Denkmalpflege. Hat doch der GK Prof. Pfeil aus politischer Weitsicht dem Ansinnen des Kulturverächters S.Öder in vorauseilendem Gehorsam bereits zugestimmt: PV auf Baudenkmälern? Geht klar, Chef! (Satire wieder aus)"
7;Ich verstehe nicht, warum nicht erst jede Fabrik Halle und jeder Discounter und jeder Parkplatz eines Discounters mit Solarflächen zugepflastert wird, bevor man sich an schöne Gebäude wie Kirchen oder denkmalgeschützte Häuser wagt. Das ist für mich einfach nur Ideologie und hat rein gar nichts mit Sinnhaftigkeit zu tun!
8;Offenbar haben wir den Schuss immer noch nicht gehört, und schon gar nicht verstanden. Bei aller Sympathie das gestern zu schützen, jetzt geht es darum das morgen zu RETTEN
8;Nachdem Blechdächer ohnehin schon fragwürdig sind im Hinblick auf die Optik und Denkmalschutz, wären dort PV-Anlagen unkritisch. Außerdem sieht man das meist nur aus der Vogelperspektive, in Passau von der Veste Oberhaus mit relativ großem Abstand.Steile Biberschwanz-Ziegel-Dächer sind da eher schwierig.Es ist gut, dass man endlich mal Themen positiv angeht und nicht immer argumentiert, was alles nicht geht. Auch hier im Forum wissen viele Leute, was man nicht machen sollte: Keine PV-Anlagen, keine Windkraft, kein Tempolimit..... Brauchbare Alternativen?
8;Siehe Kommentar von farbwbm, unten - da steht schon alles wichtige...
8;"Floating-Solar,im Bereich Wasserburg gibt es einigte Wasserkraftwerke am Inn mit großen unverschatten Flächen.Technisch müsste es dem Betreiber ""Verbund"" doch möglich sein hier schwimmende PV Freiflächenanlagen zu errichten. Durch die Stauanlagen ist dem Inn die Wildheit genommen, die Flächen vorhanden, die technischen Lösungen ""Schwimmend und Strömung"" beherrschbar sein.Jedenfalls sinnvoller und viel mehr Flächen als historische Mini-Flächen, große Gewerbeflächen gäb es auch zuhauf."
8;Eine Lösung des Konflikts zwischen Energieversorgung und Denkmalschutz könnten transparente Solarzellen sein, diese Lösung wird allerdings mit einem reduzierten Wirkungsgrad erkauft.
8;Leider gibt es nur noch die immer gleichen einheitlichen chinesischen Solarmodule die halt greißlich sind.Das Fraunhofer Institut u.a. haben längst Module in allen Farben und Aussehen entwickelt aber keiner baut sie weil viel zu teuer.Wie beim Gas und Öl von Putin, sind wir bei Hightech von Xi also China abhängig.Zu 100 % !!!!
8;Photovoltaik sollte keine Frage des Denkmalschutzes, sondern ausschließlich eine Frage der Statik sein! Von oben sieht man nicht, ob ein Haus alt oder neu ist, von unten sieht man das Dach nicht. Also?
8;Viele Mitmenschen werden es wohl nie begreifen daß wir diese Anlagen brauchen um uns unabhängig zu machen und mit den Grünen hat dies auch nichts zutun . Ich bin kein Grüner ,hab aber PV mit AKKU und Solarthermie auf meinen Dach ,damit zu 95 % Autark .
8;"""Was in Wasserburg funktioniert, funktioniert unter Denkmalgesichtspunkten eigentlich in jeder anderen Stadt auch"", sagt der GK. Dinkelsbühl und rothenburg (beide Westmittelfranken ) besitzen ebenfalls historische stadtkerne mit Flachdächern. Bitte aufwachen, Herr Pfeil!"
8;"Es geht nicht um den Denkmalschutz, sondern um den Schutz von Mensch und Natur. Da sollte es völlig egal sein, ob auf einem denkmalgeschützen Haus so eine ""Matte"" angebracht wird. Nicht lange zögern, sondern machen, machen, machen."
8;Man muss nicht auch noch die 2% Altstädte mit Solarflächen verschandeln (auch die im Text genannten Lösungen sind sichtbar), sondern müsste erstmal sämtliche Parkplätze von Discountern und Co, Fabrikhallen usw. mit Solarzellen überdachen. Die Diskussion, die Altstädte zu entstellen, ist, solange die anderen Alternativen nicht ausgeschöpft sind, hinfällig und hirnrissig und zeugt nicht vom Verständnis von Kultur…. Wenn mal alle anderen Möglichkeiten ausgeschöpft sind und es nicht reicht, dann können wir anfangen uns auch darüber Gedanken zu machen.
8;Ich nehme an bei der Solarfolie handelt es sich um das Produkt der Firma Heliatek aus Dresden zu der Die FAZ am 29.4.21 berichtet hat und es weltweit Referenzaufbauten gibt.Ein Vorzeigeprodukt Made in Germany das jede Menge Potential hat
8;War noch nie in Wasserburg. Sieht aber schön aus. Sollte noch mal hinfahren, bevor die Grünen unter Komplizenschaft des BLfD die Dächer zukleistern.
9;Es wird doch am Donauhafen ein Containerareal geben, das man mit PV überdachen kann? Oder in einem Industriegebiet einen Parkplatz, wo man die KFZ der Arbeiter und Angestellten mittels darübergebauter PV vor sommerlicher Hitze schützen kann? Lasst die Altstadt in Ruhe!!! (Auch wenn das BLfD eingeknickt ist )
9;Ihre Angaben zum Bayer. Denkmalschutzgesetz sind NICHT richtig. Bereits jetzt wären danach Solaranlagen grundsätzlich möglich. Es bedarf einer Prüfung durch Denkmalbehörden und einer sog. Erlaubnis nach Art. 6 BayDSchG. Wenn es eine örtliche (kommunale) Regelung gibt, die Solaranlagen verbietet, dann muss nur diese geändert werden und nicht das BayDSchG.
9;Der Blick darf nicht durch schwarze Platten entstellt werden dann eben led und nicht sinnlos Geräte Laufen lassen hoffentlich wird hier richtig entschieden !
9;Erscheinungsbild hin oder her.Am wichtigsten ist die zuverlässige und für den Verbraucher billigstmögliche Energieversorgung!
9;"Wem interessiert schon dieser Blick von oben auf die Dächer der Altstadt und wenn ist es doch egal ob Dachziegel oder Photovoltaik. Wobei Photovoltaik wichtiger ist als dieses einheitliche Rot. Ist ja auch erst eine Erscheinung der Neuzeit, früher gabs Schindeln, später Blech, von grau bis rostig und dieser ""Rote-Ziegel-Einheitsbrei"" ist wahrscheinlich eine neuere behördliche Vorgabe."
;
;
;
;
;
;
;
;
;
;
;
;
;
;
;
;
;
;
;
;
;
;
;
;
;
;
;
;
;
;
;
;
;
;
;
;
;
;
;
;
;
;
;
;
;
;
;
;
;
;
;
;
;
;
;
;
;
;
;
;
;
;
;
;
;
;
;
;
;
;
;
;
;
;
;
;
;
;
;
;
;
;
;
;
;
;
;
;
;
;
;
;
;
;
;
;
;
;
;
;
;
;
;
;
;
;
;
;
;
;
;
;
;
;
;
;
;
;
;
;
;
;
;
;
;
;
;
;
;
;
;
;
;
;
;
;
;
;
;
;
;
;
;
;
;
;
;
;
;
;
;
;
;
;
;
;
;
;
;
;
;
;
;
;
;
;
;
;
;
;
;
;
;
;
;
;
;
;
;
;
;
;
;
;
;
;
;
;
;
;
;
;
;
;
;
;
;
;
;
;
;
;
;
;
;
;
;
;
;
;
;
;
;
;
;
;
;
;
;
;
;
;
;
;
;
;
;
;
;
;
;
;
;
;
;
;
;
;
;
;
;
;
;
;
;
;
;
;
;
;
;
;
;
;
;
;
;
;
;
;
;
;
;
;
;
;
;
;
;
;
;
;
;
;
;
;
;
;
;
;
;
;
;
;
;
;
;
;
;
;
;
;
;
;
;
;
;
;
;
;
;
;
;
;
;
;
;
;
;
;
;
;
;
;
;
;
;
;
;
;
;
;
;
;
;
;
;
;
;
;
;
;
;
;
;
;
;
;
;
;
;
;
;
;
;
;
;
;
;
;
;
;
;
;
;
;
;
;
;
;
;
;
;
;
;
;
;
;
;
;
;
;
;
;
;
;
;
;
;
;
;
;
;
;
;
;
;
;
;
;
;
;
;
;
;
;
;
;
;
;
;
;
;
;
;
;
;
;
;
;
;
;
;
;
;
;
;
;
;
;
;
;
;
;
;
;
;
;
;
;
;
;
;
;
;
;
;
;
;
;
;
;
;
;
;
;
;
;
;
;
;
;
;
;
;
;
;
;
;
;
;
;
;
;
;
;
;
;
;
;
;
;
;
;
;
;
;
;
;
;
;
;
;
;
;
;
;
;
;
;
;
;
;
;
;
;
;
;
;
;
;
;
;
;
;
;
;
;
;
;
;
;
;
;
;
;
;
;
;
;
;
;
;
;
;
;
;
;
;
;
;
;
;
;
;
;
;
;
;
;
;
;
;
;
;
;
;
;
;
;
;
;
;
;
;
;
;
;
;
;
;
;
;
;
;
;
;
;
;
;
;
;
;
;
;
;
;
;
;
;
;
;
;
;
;
;
;
;
;
;
;
;
;
;
;
;
;
;
;
;
;
;
;
;
;
;
;
;
;
;
;
;
;
;
;
;
;
;
;
;
;
;
;
;
;
;
;
;
;
;
;
;
;
;
;
;
;
;
;
;
;
;
;
;
;
;
;
;
;
;
;
;
;
;
;
;
;
;
;
;
;
;
;
;
;
;
;
;
;
;
;
;
;
;
;
;
;
;
;
;
;
;
;
;
;
;
;
;
;
;
;
;
;
;
;
;
;
;
;
;
;
;
;
;
;
;
;
;
;
;
;
;
;
;
;
;
;
;
;
;
;
;
;
;
;
;
;
;
;
;
;
;
;
;
;
;
;
;
;
;
;
;
;
;
;
;
;
;
;
;
;
;
;
;
;
;
;
;
;
;
;
;
;
;
;
;
;
;
;
;
;
;
;
;
;
;
;
;
;
;
;
;
;
;
;
;
;
;
;
;
;
;
;
;
;
;
;
;
;
;
;
;
;
;
;
;
;
;
;
;
;
;
;
;
;
;
;
;
;
;
;
;
;
;
;
;
;
;
;
;
;
;
;
;
;
;
;
;
